{
    "epochs": 1,
    "training_accuracy": 93.5,
    "validation_accuracy": 98.36,
    "training_loss": 0.22421458170814776,
    "validation_loss": 0.04894770663231611,
    "parameters": 15782,
    "timestamp": "20241201_194938",
    "device": "cpu",
    "batch_size": 128,
    "optimizer": "AdamW",
    "learning_rate": {
        "initial": 8.022709435908552e-05,
        "max": 0.005,
        "final": 8.022709435908552e-05
    }
}