{
    "epochs": 1,
    "training_accuracy": 94.59333333333333,
    "validation_accuracy": 98.63,
    "training_loss": 0.19246679533725736,
    "validation_loss": 0.042992856726050376,
    "parameters": 24480,
    "timestamp": "20241201_201026",
    "device": "cpu",
    "batch_size": 128,
    "optimizer": "AdamW",
    "learning_rate": {
        "initial": 8.022709435908552e-05,
        "max": 0.005,
        "final": 8.022709435908552e-05
    }
}