{
    "epochs": 1,
    "training_accuracy": 95.01166666666667,
    "validation_accuracy": 98.46,
    "training_loss": 0.1648226924178501,
    "validation_loss": 0.042785925604403016,
    "parameters": 9146,
    "timestamp": "20241201_203159",
    "device": "cpu",
    "batch_size": 32,
    "optimizer": "AdamW",
    "learning_rate": {
        "initial": 0.0008334011776615811,
        "max": 0.005,
        "final": 0.0008334011776615811
    }
}