{
    "epochs": 1,
    "training_accuracy": 95.215,
    "validation_accuracy": 98.65,
    "training_loss": 0.16142562313241263,
    "validation_loss": 0.04076880575157702,
    "parameters": 11018,
    "timestamp": "20241201_203805",
    "device": "cpu",
    "batch_size": 32,
    "optimizer": "AdamW",
    "learning_rate": {
        "initial": 0.0008334011776615811,
        "max": 0.005,
        "final": 0.0008334011776615811
    }
}